Vert_Idx;Position;
0;(-4.4, 1.6, 7.7);
1;(4.4, 1.6, 7.7);
2;(-5.0, 0.9, 6.9);
3;(5.0, 0.9, 6.9);
4;(-5.5, 0.5, 5.8);
5;(5.5, 0.5, 5.8);
6;(-3.5, -0.2, 6.2);
7;(3.5, -0.2, 6.2);
8;(-3.5, 0.3, 7.2);
9;(3.5, 0.3, 7.2);
10;(-3.5, 1.3, 7.8);
11;(3.5, 1.3, 7.8);
12;(-2.7, 1.6, 8.0);
13;(2.7, 1.6, 8.0);
14;(-2.0, 0.9, 7.4);
15;(2.0, 0.9, 7.4);
16;(-1.6, 0.5, 6.5);
17;(1.6, 0.5, 6.5);
18;(-0.8, 2.4, 6.6);
19;(0.8, 2.4, 6.6);
20;(-1.4, 2.4, 7.4);
21;(1.4, 2.4, 7.4);
22;(-2.4, 2.4, 8.0);
23;(2.4, 2.4, 8.0);
24;(-2.7, 3.3, 8.0);
25;(2.7, 3.3, 8.0);
26;(-2.0, 3.9, 7.4);
27;(2.0, 3.9, 7.4);
28;(-1.6, 4.4, 6.5);
29;(1.6, 4.4, 6.5);
30;(-3.5, 5.2, 6.2);
31;(3.5, 5.2, 6.2);
32;(-3.5, 4.5, 7.2);
33;(3.5, 4.5, 7.2);
34;(-3.5, 3.6, 7.8);
35;(3.5, 3.6, 7.8);
36;(-4.4, 3.3, 7.7);
37;(4.4, 3.3, 7.7);
38;(-5.0, 3.9, 6.9);
39;(5.0, 3.9, 6.9);
40;(-5.5, 4.4, 5.8);
41;(5.5, 4.4, 5.8);
42;(-6.3, 2.4, 5.6);
43;(6.3, 2.4, 5.6);
44;(-5.6, 2.4, 6.7);
45;(5.6, 2.4, 6.7);
46;(-4.7, 2.4, 7.6);
47;(4.7, 2.4, 7.6);
48;(-4.8, 2.4, 7.7);
49;(4.8, 2.4, 7.7);
50;(-4.5, 3.4, 7.8);
51;(4.5, 3.4, 7.8);
52;(-3.5, 3.8, 8.0);
53;(3.5, 3.8, 8.0);
54;(-2.7, 3.4, 8.2);
55;(2.7, 3.4, 8.2);
56;(-2.3, 2.4, 8.2);
57;(2.3, 2.4, 8.2);
58;(-2.7, 1.6, 8.2);
59;(2.7, 1.6, 8.2);
60;(-3.5, 2.4, 8.3);
61;(3.5, 2.4, 8.3);
62;(-3.5, 1.2, 8.0);
63;(3.5, 1.2, 8.0);
64;(-4.5, 1.6, 7.8);
65;(4.5, 1.6, 7.8);
66;(0.0, 4.3, 7.4);
67;(0.0, 3.5, 8.2);
68;(0.0, -6.8, 7.3);
69;(0.0, -3.2, 7.8);
70;(0.0, -1.9, 8.0);
71;(0.0, -7.7, 7.2);
72;(0.0, 4.1, 6.0);
73;(0.0, 5.7, 5.7);
74;(0.0, 9.0, -5.5);
75;(0.0, 5.6, -8.5);
76;(0.0, 0.7, -8.3);
77;(0.0, -3.8, -3.5);
78;(-2.0, -1.9, 5.6);
79;(2.0, -1.9, 5.6);
80;(-3.1, -4.4, 5.7);
81;(3.1, -4.4, 5.7);
82;(-3.5, -7.0, 5.7);
83;(3.5, -7.0, 5.7);
84;(-3.7, -8.9, 5.3);
85;(3.7, -8.9, 5.3);
86;(-3.3, -9.5, 5.2);
87;(3.3, -9.5, 5.2);
88;(-1.8, -9.7, 5.5);
89;(1.8, -9.7, 5.5);
90;(0.0, -9.8, 5.8);
91;(-4.4, -1.4, 5.3);
92;(4.4, -1.4, 5.3);
93;(-6.3, -0.4, 5.4);
94;(6.3, -0.4, 5.4);
95;(-8.3, 1.5, 4.5);
96;(8.3, 1.5, 4.5);
97;(-8.6, 4.3, 5.9);
98;(8.6, 4.3, 5.9);
99;(-7.1, 4.8, 6.3);
100;(7.1, 4.8, 6.3);
101;(-4.9, 6.0, 6.9);
102;(4.9, 6.0, 6.9);
103;(-3.2, 7.6, 7.3);
104;(3.2, 7.6, 7.3);
105;(-1.6, 7.2, 7.6);
106;(1.6, 7.2, 7.6);
107;(-0.6, 4.9, 7.5);
108;(0.6, 4.9, 7.5);
109;(-1.6, 4.1, 7.7);
110;(1.6, 4.1, 7.7);
111;(-1.3, 3.0, 7.7);
112;(1.3, 3.0, 7.7);
113;(-2.0, 0.9, 7.4);
114;(2.0, 0.9, 7.4);
115;(-3.8, 0.2, 7.0);
116;(3.8, 0.2, 7.0);
117;(-4.9, 0.6, 6.7);
118;(4.9, 0.6, 6.7);
119;(-6.3, 1.9, 6.5);
120;(6.3, 1.9, 6.5);
121;(-6.4, 3.0, 6.5);
122;(6.4, 3.0, 6.5);
123;(-6.0, 3.8, 6.6);
124;(6.0, 3.8, 6.6);
125;(-4.3, 4.4, 7.2);
126;(4.3, 4.4, 7.2);
127;(-2.5, 4.7, 7.6);
128;(2.5, 4.7, 7.6);
129;(0.0, -7.7, 7.3);
130;(-1.1, -7.2, 7.3);
131;(1.1, -7.2, 7.3);
132;(-1.2, -8.4, 7.1);
133;(1.2, -8.4, 7.1);
134;(-0.6, -8.8, 7.0);
135;(0.6, -8.8, 7.0);
136;(0.0, -8.9, 6.9);
137;(0.0, -2.0, 7.5);
138;(0.0, -1.4, 7.4);
139;(-1.0, -1.5, 7.4);
140;(1.0, -1.5, 7.4);
141;(-1.3, -2.3, 7.5);
142;(1.3, -2.3, 7.5);
143;(-0.9, -2.9, 7.4);
144;(0.9, -2.9, 7.4);
145;(-4.0, -0.5, 6.7);
146;(4.0, -0.5, 6.7);
147;(-6.2, 0.5, 6.3);
148;(6.2, 0.5, 6.3);
149;(-7.3, 2.0, 6.0);
150;(7.3, 2.0, 6.0);
151;(-7.4, 3.8, 6.6);
152;(7.4, 3.8, 6.6);
153;(-6.9, 4.1, 7.3);
154;(6.9, 4.1, 7.3);
155;(-4.4, 5.5, 8.0);
156;(4.4, 5.5, 8.0);
157;(-3.1, 6.4, 8.4);
158;(3.1, 6.4, 8.4);
159;(-2.0, 6.2, 8.5);
160;(2.0, 6.2, 8.5);
161;(-1.0, 4.3, 8.4);
162;(1.0, 4.3, 8.4);
163;(-1.3, -1.0, 8.1);
164;(1.3, -1.0, 8.1);
165;(-2.1, -4.5, 7.1);
166;(2.1, -4.5, 7.1);
167;(-2.5, -7.0, 6.9);
168;(2.5, -7.0, 6.9);
169;(-2.7, -8.2, 6.6);
170;(2.7, -8.2, 6.6);
171;(-2.3, -9.1, 6.3);
172;(2.3, -9.1, 6.3);
173;(-1.6, -9.3, 6.3);
174;(1.6, -9.3, 6.3);
175;(0.0, -9.5, 6.4);
176;(0.0, 0.5, 7.3);
177;(0.0, 2.1, 7.7);
178;(-3.3, 4.8, 7.4);
179;(3.3, 4.8, 7.4);
180;(-1.6, 1.4, 7.5);
181;(1.6, 1.4, 7.5);
182;(-1.3, 2.1, 7.6);
183;(1.3, 2.1, 7.6);
184;(-1.2, -6.9, 7.3);
185;(1.2, -6.9, 7.3);
186;(-0.8, -4.5, 7.5);
187;(0.8, -4.5, 7.5);
188;(0.0, -4.5, 7.5);
189;(0.0, -3.3, 7.4);
190;(-0.9, -2.7, 7.8);
191;(0.9, -2.7, 7.8);
192;(-1.3, -2.3, 8.0);
193;(1.3, -2.3, 8.0);
194;(-1.1, -1.3, 7.8);
195;(1.1, -1.3, 7.8);
196;(-0.4, -1.3, 7.8);
197;(0.4, -1.3, 7.8);
198;(0.0, -2.0, 8.3);
199;(-0.5, -1.5, 8.1);
200;(0.5, -1.5, 8.1);
201;(-0.9, -1.6, 8.1);
202;(0.9, -1.6, 8.1);
203;(-1.1, -2.3, 8.3);
204;(1.1, -2.3, 8.3);
205;(-0.8, -2.5, 8.0);
206;(0.8, -2.5, 8.0);
207;(0.0, -2.9, 8.0);
208;(-2.6, -3.1, 5.5);
209;(2.6, -3.1, 5.5);
210;(-1.6, -2.4, 7.1);
211;(1.6, -2.4, 7.1);
212;(-1.8, -3.1, 7.1);
213;(1.8, -3.1, 7.1);
214;(-2.3, -2.5, 5.5);
215;(2.3, -2.5, 5.5);
216;(0.0, -8.7, 6.9);
217;(-0.5, -8.7, 6.9);
218;(0.5, -8.7, 6.9);
219;(-0.9, -8.2, 7.1);
220;(0.9, -8.2, 7.1);
221;(-0.9, -7.4, 7.3);
222;(0.9, -7.4, 7.3);
223;(0.0, -7.8, 6.6);
224;(-0.9, -7.5, 6.6);
225;(0.9, -7.5, 6.6);
226;(-0.9, -8.1, 6.4);
227;(0.9, -8.1, 6.4);
228;(-0.5, -8.5, 6.3);
229;(0.5, -8.5, 6.3);
230;(0.0, -8.6, 6.3);
231;(-1.7, 2.2, 7.8);
232;(1.7, 2.2, 7.8);
233;(-1.9, 1.6, 7.7);
234;(1.9, 1.6, 7.7);
235;(-3.4, 4.3, 7.6);
236;(3.4, 4.3, 7.6);
237;(-2.7, 4.2, 7.7);
238;(2.7, 4.2, 7.7);
239;(-4.2, 4.0, 7.7);
240;(4.2, 4.0, 7.7);
241;(-5.6, 3.5, 7.0);
242;(5.6, 3.5, 7.0);
243;(-5.9, 2.9, 6.9);
244;(5.9, 2.9, 6.9);
245;(-5.8, 2.0, 6.8);
246;(5.8, 2.0, 6.8);
247;(-4.8, 1.0, 7.2);
248;(4.8, 1.0, 7.2);
249;(-3.8, 0.6, 7.4);
250;(3.8, 0.6, 7.4);
251;(-2.3, 1.1, 7.8);
252;(2.3, 1.1, 7.8);
253;(-1.8, 3.0, 7.8);
254;(1.8, 3.0, 7.8);
255;(-2.1, 3.8, 7.8);
256;(2.1, 3.8, 7.8);
257;(-2.3, 3.6, 7.6);
258;(2.3, 3.6, 7.6);
259;(-2.0, 3.0, 7.6);
260;(2.0, 3.0, 7.6);
261;(-2.4, 1.3, 7.6);
262;(2.4, 1.3, 7.6);
263;(-3.8, 0.9, 7.3);
264;(3.8, 0.9, 7.3);
265;(-4.6, 1.2, 7.0);
266;(4.6, 1.2, 7.0);
267;(-5.5, 2.1, 6.7);
268;(5.5, 2.1, 6.7);
269;(-5.5, 2.8, 6.7);
270;(5.5, 2.8, 6.7);
271;(-5.3, 3.4, 6.8);
272;(5.3, 3.4, 6.8);
273;(-4.1, 3.9, 7.5);
274;(4.1, 3.9, 7.5);
275;(-2.8, 4.0, 7.7);
276;(2.8, 4.0, 7.7);
277;(-3.4, 4.1, 7.5);
278;(3.4, 4.1, 7.5);
279;(-2.0, 1.7, 7.5);
280;(2.0, 1.7, 7.5);
281;(-2.0, 2.3, 7.5);
282;(2.0, 2.3, 7.5);
283;(-1.1, 4.6, 6.1);
284;(1.1, 4.6, 6.1);
285;(-2.0, 6.6, 6.2);
286;(2.0, 6.6, 6.2);
287;(-3.4, 6.9, 5.9);
288;(3.4, 6.9, 5.9);
289;(-4.8, 5.5, 5.5);
290;(4.8, 5.5, 5.5);
291;(-6.8, 4.5, 4.9);
292;(6.8, 4.5, 4.9);
293;(-8.0, 4.1, 4.6);
294;(8.0, 4.1, 4.6);
295;(-7.7, 1.6, 3.8);
296;(7.7, 1.6, 3.8);
297;(-6.0, 0.0, 4.1);
298;(6.0, 0.0, 4.1);
299;(-4.4, -0.9, 4.7);
300;(4.4, -0.9, 4.7);
301;(0.0, 9.0, 2.9);
302;(0.0, 9.8, -0.8);
303;(0.0, -2.0, -6.7);
304;(0.0, -4.6, 1.9);
305;(0.0, -9.8, 4.6);
306;(0.0, -8.0, 3.4);
307;(0.0, -5.7, 3.2);
308;(0.0, -4.8, 2.8);
309;(-8.5, 2.3, 0.5);
310;(8.5, 2.3, 0.5);
311;(-8.6, 3.2, -0.5);
312;(8.6, 3.2, -0.5);
313;(-7.7, 2.7, -4.4);
314;(7.7, 2.7, -4.4);
315;(-4.6, 4.4, -7.0);
316;(4.6, 4.4, -7.0);
317;(-7.3, -0.5, 0.7);
318;(7.3, -0.5, 0.7);
319;(-5.9, -1.3, -1.6);
320;(5.9, -1.3, -1.6);
321;(-6.4, -0.1, -4.3);
322;(6.4, -0.1, -4.3);
323;(-3.4, 0.5, -6.6);
324;(3.4, 0.5, -6.6);
325;(-2.3, -3.5, 4.1);
326;(2.3, -3.5, 4.1);
327;(-1.8, -4.1, 2.6);
328;(1.8, -4.1, 2.6);
329;(-2.9, -7.1, 3.8);
330;(2.9, -7.1, 3.8);
331;(-2.5, -5.0, 3.9);
332;(2.5, -5.0, 3.9);
333;(-3.3, -9.1, 4.0);
334;(3.3, -9.1, 4.0);
335;(-1.4, -7.6, 3.7);
336;(1.4, -7.6, 3.7);
337;(-1.3, -5.4, 3.6);
338;(1.3, -5.4, 3.6);
339;(-1.6, -9.5, 4.4);
340;(1.6, -9.5, 4.4);
341;(-2.2, -2.8, 4.3);
342;(2.2, -2.8, 4.3);
343;(-2.1, -2.3, 4.7);
344;(2.1, -2.3, 4.7);
345;(-2.0, -1.7, 5.0);
346;(2.0, -1.7, 5.0);
347;(-2.1, -3.9, 1.6);
348;(2.1, -3.9, 1.6);
349;(-3.0, -3.1, -2.7);
350;(3.0, -3.1, -2.7);
351;(-3.4, -1.5, -5.4);
352;(3.4, -1.5, -5.4);
353;(-4.5, 8.7, -3.8);
354;(4.5, 8.7, -3.8);
355;(-4.5, 9.3, -0.7);
356;(4.5, 9.3, -0.7);
357;(-4.5, 8.5, 2.3);
358;(4.5, 8.5, 2.3);
359;(-4.6, 5.2, 4.3);
360;(4.6, 5.2, 4.3);
361;(-7.3, 4.1, 3.4);
362;(7.3, 4.1, 3.4);
363;(-6.3, 4.5, 2.8);
364;(6.3, 4.5, 2.8);
365;(-6.4, 7.0, 0.5);
366;(6.4, 7.0, 0.5);
367;(-8.0, 5.6, 1.3);
368;(8.0, 5.6, 1.3);
369;(-8.0, 6.2, -1.2);
370;(8.0, 6.2, -1.2);
371;(-6.4, 7.5, -2.0);
372;(6.4, 7.5, -2.0);
373;(-6.4, 6.8, -4.5);
374;(6.4, 6.8, -4.5);
375;(-8.0, 5.4, -3.6);
376;(8.0, 5.4, -3.6);
377;(-6.2, 3.3, -5.9);
378;(6.2, 3.3, -5.9);
379;(-4.8, 0.2, -5.5);
380;(4.8, 0.2, -5.5);
381;(-8.2, 3.3, -2.0);
382;(8.2, 3.3, -2.0);
383;(-4.1, -1.7, 1.5);
384;(4.1, -1.7, 1.5);
385;(-4.3, -2.0, -2.1);
386;(4.3, -2.0, -2.1);
387;(-8.9, 4.1, -2.3);
388;(8.9, 4.1, -2.3);
389;(-7.7, -1.4, -1.3);
390;(7.7, -1.4, -1.3);
391;(-10.4, -1.0, -3.3);
392;(10.4, -1.0, -3.3);
393;(-12.8, 0.5, -4.3);
394;(12.8, 0.5, -4.3);
395;(-13.5, 3.2, -4.2);
396;(13.5, 3.2, -4.2);
397;(-12.3, 5.1, -4.2);
398;(12.3, 5.1, -4.2);
399;(-10.2, 4.8, -3.1);
400;(10.2, 4.8, -3.1);
401;(-10.2, 4.1, -2.9);
402;(10.2, 4.1, -2.9);
403;(-11.9, 4.4, -3.9);
404;(11.9, 4.4, -3.9);
405;(-12.7, 2.9, -4.1);
406;(12.7, 2.9, -4.1);
407;(-12.1, 0.8, -4.1);
408;(12.1, 0.8, -4.1);
409;(-10.3, -0.4, -3.0);
410;(10.3, -0.4, -3.0);
411;(-8.3, -0.7, -1.3);
412;(8.3, -0.7, -1.3);
413;(-9.2, 3.6, -2.2);
414;(9.2, 3.6, -2.2);
415;(-9.5, 3.0, -2.9);
416;(9.5, 3.0, -2.9);
417;(-8.8, -0.2, -2.1);
418;(8.8, -0.2, -2.1);
419;(-10.4, 0.0, -3.7);
420;(10.4, 0.0, -3.7);
421;(-11.9, 0.9, -4.5);
422;(11.9, 0.9, -4.5);
423;(-12.3, 2.5, -4.5);
424;(12.3, 2.5, -4.5);
425;(-11.7, 3.6, -4.4);
426;(11.7, 3.6, -4.4);
427;(-10.2, 3.4, -3.6);
428;(10.2, 3.4, -3.6);
429;(-8.4, 2.9, -2.1);
430;(8.4, 2.9, -2.1);
431;(-8.4, 1.7, -2.7);
432;(8.4, 1.7, -2.7);
433;(-7.6, 0.9, -2.7);
434;(7.6, 0.9, -2.7);
435;(-8.2, 0.9, -2.7);
436;(8.2, 0.9, -2.7);
437;(-8.4, 0.2, -2.7);
438;(8.4, 0.2, -2.7);
439;(-8.1, -0.2, -2.7);
440;(8.1, -0.2, -2.7);
441;(-7.3, 0.0, -0.7);
442;(7.3, 0.0, -0.7);
443;(-7.2, -0.2, -1.7);
444;(7.2, -0.2, -1.7);
445;(-7.2, 0.4, -1.9);
446;(7.2, 0.4, -1.9);
447;(-8.0, 2.0, -2.1);
448;(8.0, 2.0, -2.1);
449;(-8.9, 2.4, -2.7);
450;(8.9, 2.4, -2.7);
451;(-8.9, 2.3, -3.2);
452;(8.9, 2.3, -3.2);
453;(-8.1, -0.2, -3.2);
454;(8.1, -0.2, -3.2);
455;(-8.5, 0.2, -3.2);
456;(8.5, 0.2, -3.2);
457;(-8.3, 0.8, -3.2);
458;(8.3, 0.8, -3.2);
459;(-7.7, 0.9, -3.2);
460;(7.7, 0.9, -3.2);
461;(-8.4, 1.7, -3.2);
462;(8.4, 1.7, -3.2);
463;(-10.4, 3.3, -4.1);
464;(10.4, 3.3, -4.1);
465;(-11.9, 3.4, -4.8);
466;(11.9, 3.4, -4.8);
467;(-12.6, 2.4, -4.9);
468;(12.6, 2.4, -4.9);
469;(-12.1, 0.9, -4.8);
470;(12.1, 0.9, -4.8);
471;(-10.5, 0.0, -4.2);
472;(10.5, 0.0, -4.2);
473;(-8.8, -0.2, -2.7);
474;(8.8, -0.2, -2.7);
475;(-9.5, 2.9, -3.4);
476;(9.5, 2.9, -3.4);
477;(-8.9, 1.1, -3.3);
478;(8.9, 1.1, -3.3);
479;(-9.4, 0.6, -3.4);
480;(9.4, 0.6, -3.4);
481;(-10.0, 1.3, -3.7);
482;(10.0, 1.3, -3.7);
483;(-9.6, 1.7, -3.5);
484;(9.6, 1.7, -3.5);
485;(-10.2, 2.3, -3.8);
486;(10.2, 2.3, -3.8);
487;(-10.5, 1.9, -3.8);
488;(10.5, 1.9, -3.8);
489;(-11.1, 2.1, -3.9);
490;(11.1, 2.1, -3.9);
491;(-10.9, 2.7, -3.9);
492;(10.9, 2.7, -3.9);
493;(-10.2, 4.4, -4.8);
494;(10.2, 4.4, -4.8);
495;(-12.5, 4.7, -5.5);
496;(12.5, 4.7, -5.5);
497;(-13.7, 3.0, -5.0);
498;(13.7, 3.0, -5.0);
499;(-13.1, 0.5, -5.3);
500;(13.1, 0.5, -5.3);
501;(-10.4, -0.9, -4.9);
502;(10.4, -0.9, -4.9);
503;(-7.9, -1.3, -3.3);
504;(7.9, -1.3, -3.3);
505;(-8.6, 3.8, -3.8);
506;(8.6, 3.8, -3.8);
507;(-5.6, 2.4, 6.7);
508;(-5.0, 0.9, 6.9);
509;(5.6, 2.4, 6.7);
510;(5.0, 0.9, 6.9);
511;(-5.0, 0.9, 6.9);
512;(-5.5, 0.5, 5.8);
513;(5.5, 0.5, 5.8);
514;(5.0, 0.9, 6.9);
515;(-4.4, 1.6, 7.7);
516;(-5.0, 0.9, 6.9);
517;(-3.5, 0.3, 7.2);
518;(3.5, 0.3, 7.2);
519;(5.0, 0.9, 6.9);
520;(4.4, 1.6, 7.7);
521;(-3.5, 1.3, 7.8);
522;(-3.5, 0.3, 7.2);
523;(3.5, 0.3, 7.2);
524;(3.5, 1.3, 7.8);
525;(-3.5, 0.3, 7.2);
526;(-3.5, -0.2, 6.2);
527;(-2.0, 0.9, 7.4);
528;(3.5, -0.2, 6.2);
529;(3.5, 0.3, 7.2);
530;(2.0, 0.9, 7.4);
531;(-2.0, 0.9, 7.4);
532;(-1.6, 0.5, 6.5);
533;(1.6, 0.5, 6.5);
534;(2.0, 0.9, 7.4);
535;(-2.7, 1.6, 8.0);
536;(-2.0, 0.9, 7.4);
537;(-1.4, 2.4, 7.4);
538;(1.4, 2.4, 7.4);
539;(2.0, 0.9, 7.4);
540;(2.7, 1.6, 8.0);
541;(-2.4, 2.4, 8.0);
542;(-1.4, 2.4, 7.4);
543;(1.4, 2.4, 7.4);
544;(2.4, 2.4, 8.0);
545;(-1.4, 2.4, 7.4);
546;(-0.8, 2.4, 6.6);
547;(-2.0, 3.9, 7.4);
548;(0.8, 2.4, 6.6);
549;(1.4, 2.4, 7.4);
550;(2.0, 3.9, 7.4);
551;(-2.0, 3.9, 7.4);
552;(-1.6, 4.4, 6.5);
553;(1.6, 4.4, 6.5);
554;(2.0, 3.9, 7.4);
555;(-2.7, 3.3, 8.0);
556;(-2.0, 3.9, 7.4);
557;(-3.5, 4.5, 7.2);
558;(3.5, 4.5, 7.2);
559;(2.0, 3.9, 7.4);
560;(2.7, 3.3, 8.0);
561;(-3.5, 3.6, 7.8);
562;(-3.5, 4.5, 7.2);
563;(3.5, 4.5, 7.2);
564;(3.5, 3.6, 7.8);
565;(-3.5, 4.5, 7.2);
566;(-3.5, 5.2, 6.2);
567;(-5.0, 3.9, 6.9);
568;(3.5, 5.2, 6.2);
569;(3.5, 4.5, 7.2);
570;(5.0, 3.9, 6.9);
571;(-5.0, 3.9, 6.9);
572;(-5.5, 4.4, 5.8);
573;(-6.3, 2.4, 5.6);
574;(-5.6, 2.4, 6.7);
575;(6.3, 2.4, 5.6);
576;(5.5, 4.4, 5.8);
577;(5.0, 3.9, 6.9);
578;(5.6, 2.4, 6.7);
579;(-4.4, 3.3, 7.7);
580;(-5.0, 3.9, 6.9);
581;(-5.6, 2.4, 6.7);
582;(-4.7, 2.4, 7.6);
583;(5.6, 2.4, 6.7);
584;(5.0, 3.9, 6.9);
585;(4.4, 3.3, 7.7);
586;(4.7, 2.4, 7.6);
587;(-4.7, 2.4, 7.6);
588;(-4.4, 3.3, 7.7);
589;(4.7, 2.4, 7.6);
590;(4.4, 3.3, 7.7);
591;(-4.4, 3.3, 7.7);
592;(-4.5, 3.4, 7.8);
593;(-3.5, 3.6, 7.8);
594;(4.5, 3.4, 7.8);
595;(4.4, 3.3, 7.7);
596;(3.5, 3.6, 7.8);
597;(-3.5, 3.6, 7.8);
598;(-3.5, 3.8, 8.0);
599;(-2.7, 3.3, 8.0);
600;(3.5, 3.8, 8.0);
601;(3.5, 3.6, 7.8);
602;(2.7, 3.3, 8.0);
603;(-2.7, 3.3, 8.0);
604;(-2.7, 3.4, 8.2);
605;(-2.4, 2.4, 8.0);
606;(2.7, 3.4, 8.2);
607;(2.7, 3.3, 8.0);
608;(2.4, 2.4, 8.0);
609;(-2.4, 2.4, 8.0);
610;(-2.3, 2.4, 8.2);
611;(-2.7, 1.6, 8.0);
612;(2.3, 2.4, 8.2);
613;(2.4, 2.4, 8.0);
614;(2.7, 1.6, 8.0);
615;(-2.7, 1.6, 8.0);
616;(-2.7, 1.6, 8.2);
617;(-3.5, 1.3, 7.8);
618;(2.7, 1.6, 8.2);
619;(2.7, 1.6, 8.0);
620;(3.5, 1.3, 7.8);
621;(-3.5, 1.3, 7.8);
622;(-3.5, 1.2, 8.0);
623;(-4.4, 1.6, 7.7);
624;(3.5, 1.2, 8.0);
625;(3.5, 1.3, 7.8);
626;(4.4, 1.6, 7.7);
627;(-4.4, 1.6, 7.7);
628;(-4.5, 1.6, 7.8);
629;(-4.8, 2.4, 7.7);
630;(-4.7, 2.4, 7.6);
631;(4.8, 2.4, 7.7);
632;(4.5, 1.6, 7.8);
633;(4.4, 1.6, 7.7);
634;(4.7, 2.4, 7.6);
635;(-4.8, 2.4, 7.7);
636;(-4.5, 1.6, 7.8);
637;(4.8, 2.4, 7.7);
638;(4.5, 1.6, 7.8);
639;(-3.5, 1.2, 8.0);
640;(-3.5, 2.4, 8.3);
641;(-4.5, 1.6, 7.8);
642;(3.5, 2.4, 8.3);
643;(3.5, 1.2, 8.0);
644;(4.5, 1.6, 7.8);
645;(-3.5, 2.4, 8.3);
646;(-3.5, 1.2, 8.0);
647;(-2.7, 1.6, 8.2);
648;(3.5, 1.2, 8.0);
649;(3.5, 2.4, 8.3);
650;(2.7, 1.6, 8.2);
651;(-3.5, 2.4, 8.3);
652;(-2.7, 1.6, 8.2);
653;(-2.3, 2.4, 8.2);
654;(2.7, 1.6, 8.2);
655;(3.5, 2.4, 8.3);
656;(2.3, 2.4, 8.2);
657;(-3.5, 2.4, 8.3);
658;(-2.3, 2.4, 8.2);
659;(-2.7, 3.4, 8.2);
660;(2.3, 2.4, 8.2);
661;(3.5, 2.4, 8.3);
662;(2.7, 3.4, 8.2);
663;(-3.5, 2.4, 8.3);
664;(-2.7, 3.4, 8.2);
665;(-3.5, 3.8, 8.0);
666;(2.7, 3.4, 8.2);
667;(3.5, 2.4, 8.3);
668;(3.5, 3.8, 8.0);
669;(-3.5, 2.4, 8.3);
670;(-3.5, 3.8, 8.0);
671;(-4.5, 3.4, 7.8);
672;(3.5, 3.8, 8.0);
673;(3.5, 2.4, 8.3);
674;(4.5, 3.4, 7.8);
675;(-3.5, 2.4, 8.3);
676;(-4.5, 3.4, 7.8);
677;(-4.8, 2.4, 7.7);
678;(4.5, 3.4, 7.8);
679;(3.5, 2.4, 8.3);
680;(4.8, 2.4, 7.7);
681;(0.0, -9.5, 6.4);
682;(0.0, -9.8, 5.8);
683;(-1.8, -9.7, 5.5);
684;(-1.6, -9.3, 6.3);
685;(1.6, -9.3, 6.3);
686;(1.8, -9.7, 5.5);
687;(-3.3, -9.5, 5.2);
688;(-2.3, -9.1, 6.3);
689;(2.3, -9.1, 6.3);
690;(3.3, -9.5, 5.2);
691;(-3.7, -8.9, 5.3);
692;(-2.7, -8.2, 6.6);
693;(2.7, -8.2, 6.6);
694;(3.7, -8.9, 5.3);
695;(-3.5, -7.0, 5.7);
696;(-2.5, -7.0, 6.9);
697;(2.5, -7.0, 6.9);
698;(3.5, -7.0, 5.7);
699;(-4.4, -1.4, 5.3);
700;(-4.0, -0.5, 6.7);
701;(4.0, -0.5, 6.7);
702;(4.4, -1.4, 5.3);
703;(-6.3, -0.4, 5.4);
704;(-6.2, 0.5, 6.3);
705;(6.2, 0.5, 6.3);
706;(6.3, -0.4, 5.4);
707;(-8.3, 1.5, 4.5);
708;(-7.3, 2.0, 6.0);
709;(7.3, 2.0, 6.0);
710;(8.3, 1.5, 4.5);
711;(-8.6, 4.3, 5.9);
712;(-7.4, 3.8, 6.6);
713;(7.4, 3.8, 6.6);
714;(8.6, 4.3, 5.9);
715;(-7.1, 4.8, 6.3);
716;(-6.9, 4.1, 7.3);
717;(6.9, 4.1, 7.3);
718;(7.1, 4.8, 6.3);
719;(-4.9, 6.0, 6.9);
720;(-4.4, 5.5, 8.0);
721;(4.4, 5.5, 8.0);
722;(4.9, 6.0, 6.9);
723;(-3.2, 7.6, 7.3);
724;(-3.1, 6.4, 8.4);
725;(3.1, 6.4, 8.4);
726;(3.2, 7.6, 7.3);
727;(-1.6, 7.2, 7.6);
728;(-2.0, 6.2, 8.5);
729;(2.0, 6.2, 8.5);
730;(1.6, 7.2, 7.6);
731;(-0.6, 4.9, 7.5);
732;(-1.0, 4.3, 8.4);
733;(0.0, 3.5, 8.2);
734;(1.0, 4.3, 8.4);
735;(0.6, 4.9, 7.5);
736;(0.0, 4.3, 7.4);
737;(-1.0, 4.3, 8.4);
738;(-2.0, 6.2, 8.5);
739;(2.0, 6.2, 8.5);
740;(1.0, 4.3, 8.4);
741;(-2.5, 4.7, 7.6);
742;(-2.0, 6.2, 8.5);
743;(-3.1, 6.4, 8.4);
744;(3.1, 6.4, 8.4);
745;(2.0, 6.2, 8.5);
746;(2.5, 4.7, 7.6);
747;(-3.3, 4.8, 7.4);
748;(-3.1, 6.4, 8.4);
749;(-4.4, 5.5, 8.0);
750;(3.1, 6.4, 8.4);
751;(3.3, 4.8, 7.4);
752;(4.4, 5.5, 8.0);
753;(-4.3, 4.4, 7.2);
754;(-4.4, 5.5, 8.0);
755;(-6.9, 4.1, 7.3);
756;(4.4, 5.5, 8.0);
757;(4.3, 4.4, 7.2);
758;(6.9, 4.1, 7.3);
759;(-6.0, 3.8, 6.6);
760;(-6.9, 4.1, 7.3);
761;(-7.4, 3.8, 6.6);
762;(6.9, 4.1, 7.3);
763;(6.0, 3.8, 6.6);
764;(7.4, 3.8, 6.6);
765;(-6.4, 3.0, 6.5);
766;(-7.4, 3.8, 6.6);
767;(-7.3, 2.0, 6.0);
768;(7.4, 3.8, 6.6);
769;(6.4, 3.0, 6.5);
770;(7.3, 2.0, 6.0);
771;(-6.3, 1.9, 6.5);
772;(-7.3, 2.0, 6.0);
773;(-6.2, 0.5, 6.3);
774;(7.3, 2.0, 6.0);
775;(6.3, 1.9, 6.5);
776;(6.2, 0.5, 6.3);
777;(-4.9, 0.6, 6.7);
778;(-6.2, 0.5, 6.3);
779;(-4.0, -0.5, 6.7);
780;(6.2, 0.5, 6.3);
781;(4.9, 0.6, 6.7);
782;(4.0, -0.5, 6.7);
783;(-3.8, 0.2, 7.0);
784;(-4.0, -0.5, 6.7);
785;(-1.3, -1.0, 8.1);
786;(4.0, -0.5, 6.7);
787;(3.8, 0.2, 7.0);
788;(1.3, -1.0, 8.1);
789;(-2.0, 0.9, 7.4);
790;(-1.3, -1.0, 8.1);
791;(0.0, 0.5, 7.3);
792;(1.3, -1.0, 8.1);
793;(2.0, 0.9, 7.4);
794;(-1.6, 4.1, 7.7);
795;(0.0, 3.5, 8.2);
796;(-1.0, 4.3, 8.4);
797;(0.0, 3.5, 8.2);
798;(1.6, 4.1, 7.7);
799;(1.0, 4.3, 8.4);
800;(-1.3, 3.0, 7.7);
801;(0.0, 3.5, 8.2);
802;(0.0, 2.1, 7.7);
803;(1.3, 3.0, 7.7);
804;(0.0, 3.5, 8.2);
805;(0.0, 0.5, 7.3);
806;(0.0, 2.1, 7.7);
807;(-1.3, 2.1, 7.6);
808;(-1.6, 1.4, 7.5);
809;(1.3, 2.1, 7.6);
810;(1.6, 1.4, 7.5);
811;(-1.6, -9.3, 6.3);
812;(0.0, -9.5, 6.4);
813;(0.0, -9.5, 6.4);
814;(1.6, -9.3, 6.3);
815;(0.0, -8.9, 6.9);
816;(-2.3, -9.1, 6.3);
817;(-1.6, -9.3, 6.3);
818;(-0.6, -8.8, 7.0);
819;(1.6, -9.3, 6.3);
820;(2.3, -9.1, 6.3);
821;(0.6, -8.8, 7.0);
822;(-2.7, -8.2, 6.6);
823;(-2.3, -9.1, 6.3);
824;(-1.2, -8.4, 7.1);
825;(2.3, -9.1, 6.3);
826;(2.7, -8.2, 6.6);
827;(1.2, -8.4, 7.1);
828;(-2.1, -4.5, 7.1);
829;(-2.5, -7.0, 6.9);
830;(2.5, -7.0, 6.9);
831;(2.1, -4.5, 7.1);
832;(-1.1, -7.2, 7.3);
833;(-1.2, -6.9, 7.3);
834;(-2.5, -7.0, 6.9);
835;(-2.7, -8.2, 6.6);
836;(2.5, -7.0, 6.9);
837;(1.2, -6.9, 7.3);
838;(1.1, -7.2, 7.3);
839;(2.7, -8.2, 6.6);
840;(-0.8, -4.5, 7.5);
841;(0.8, -4.5, 7.5);
842;(-1.2, -6.9, 7.3);
843;(0.0, -4.5, 7.5);
844;(-0.8, -4.5, 7.5);
845;(1.2, -6.9, 7.3);
846;(0.8, -4.5, 7.5);
847;(0.0, -6.8, 7.3);
848;(-1.2, -6.9, 7.3);
849;(-1.1, -7.2, 7.3);
850;(1.2, -6.9, 7.3);
851;(1.1, -7.2, 7.3);
852;(-0.9, -2.9, 7.4);
853;(0.9, -2.9, 7.4);
854;(-1.3, -2.3, 7.5);
855;(-1.3, -2.3, 8.0);
856;(1.3, -2.3, 8.0);
857;(1.3, -2.3, 7.5);
858;(-1.0, -1.5, 7.4);
859;(-1.1, -1.3, 7.8);
860;(1.1, -1.3, 7.8);
861;(1.0, -1.5, 7.4);
862;(0.0, -1.4, 7.4);
863;(0.0, -1.4, 7.4);
864;(-0.4, -1.3, 7.8);
865;(0.4, -1.3, 7.8);
866;(0.0, -1.4, 7.4);
867;(0.0, -2.0, 7.5);
868;(0.0, -1.9, 8.0);
869;(0.0, -3.3, 7.4);
870;(-0.9, -2.7, 7.8);
871;(-0.9, -2.9, 7.4);
872;(0.9, -2.7, 7.8);
873;(0.0, -3.2, 7.8);
874;(0.0, -3.3, 7.4);
875;(0.9, -2.9, 7.4);
876;(0.0, -3.2, 7.8);
877;(-0.9, -2.7, 7.8);
878;(0.0, -2.9, 8.0);
879;(0.0, -3.2, 7.8);
880;(0.9, -2.7, 7.8);
881;(0.0, -1.9, 8.0);
882;(-0.4, -1.3, 7.8);
883;(0.4, -1.3, 7.8);
884;(0.0, -1.9, 8.0);
885;(0.0, -2.0, 8.3);
886;(-0.4, -1.3, 7.8);
887;(-1.1, -1.3, 7.8);
888;(-0.5, -1.5, 8.1);
889;(1.1, -1.3, 7.8);
890;(0.4, -1.3, 7.8);
891;(0.5, -1.5, 8.1);
892;(-1.1, -1.3, 7.8);
893;(-1.3, -2.3, 8.0);
894;(-0.9, -1.6, 8.1);
895;(1.3, -2.3, 8.0);
896;(1.1, -1.3, 7.8);
897;(0.9, -1.6, 8.1);
898;(-1.3, -2.3, 8.0);
899;(-0.9, -2.7, 7.8);
900;(-0.8, -2.5, 8.0);
901;(-1.1, -2.3, 8.3);
902;(0.8, -2.5, 8.0);
903;(0.9, -2.7, 7.8);
904;(1.3, -2.3, 8.0);
905;(1.1, -2.3, 8.3);
906;(0.0, -2.0, 8.3);
907;(-0.5, -1.5, 8.1);
908;(-0.9, -1.6, 8.1);
909;(-1.1, -2.3, 8.3);
910;(0.9, -1.6, 8.1);
911;(0.5, -1.5, 8.1);
912;(0.0, -2.0, 8.3);
913;(1.1, -2.3, 8.3);
914;(0.0, -2.0, 8.3);
915;(-1.1, -2.3, 8.3);
916;(-0.8, -2.5, 8.0);
917;(0.0, -2.9, 8.0);
918;(0.8, -2.5, 8.0);
919;(1.1, -2.3, 8.3);
920;(0.0, -2.0, 8.3);
921;(0.0, -2.9, 8.0);
922;(0.0, -1.4, 7.4);
923;(0.0, 0.5, 7.3);
924;(-1.3, -1.0, 8.1);
925;(-1.0, -1.5, 7.4);
926;(1.3, -1.0, 8.1);
927;(0.0, 0.5, 7.3);
928;(0.0, -1.4, 7.4);
929;(1.0, -1.5, 7.4);
930;(-1.0, -1.5, 7.4);
931;(-1.3, -1.0, 8.1);
932;(-1.3, -2.3, 7.5);
933;(1.3, -1.0, 8.1);
934;(1.0, -1.5, 7.4);
935;(1.3, -2.3, 7.5);
936;(-1.3, -2.3, 7.5);
937;(-1.6, -2.4, 7.1);
938;(-0.9, -2.9, 7.4);
939;(1.6, -2.4, 7.1);
940;(1.3, -2.3, 7.5);
941;(0.9, -2.9, 7.4);
942;(-0.9, -2.9, 7.4);
943;(-1.8, -3.1, 7.1);
944;(-2.1, -4.5, 7.1);
945;(-0.8, -4.5, 7.5);
946;(2.1, -4.5, 7.1);
947;(1.8, -3.1, 7.1);
948;(0.9, -2.9, 7.4);
949;(0.8, -4.5, 7.5);
950;(-3.1, -4.4, 5.7);
951;(-2.1, -4.5, 7.1);
952;(-1.8, -3.1, 7.1);
953;(1.8, -3.1, 7.1);
954;(2.1, -4.5, 7.1);
955;(3.1, -4.4, 5.7);
956;(-2.6, -3.1, 5.5);
957;(-1.8, -3.1, 7.1);
958;(-1.6, -2.4, 7.1);
959;(1.6, -2.4, 7.1);
960;(1.8, -3.1, 7.1);
961;(2.6, -3.1, 5.5);
962;(-2.0, -1.9, 5.6);
963;(-2.3, -2.5, 5.5);
964;(-1.6, -2.4, 7.1);
965;(-1.3, -1.0, 8.1);
966;(1.6, -2.4, 7.1);
967;(2.3, -2.5, 5.5);
968;(2.0, -1.9, 5.6);
969;(1.3, -1.0, 8.1);
970;(-1.1, -7.2, 7.3);
971;(0.0, -7.7, 7.3);
972;(0.0, -7.7, 7.2);
973;(1.1, -7.2, 7.3);
974;(0.0, -7.7, 7.3);
975;(-1.2, -8.4, 7.1);
976;(-0.9, -7.4, 7.3);
977;(-1.1, -7.2, 7.3);
978;(0.9, -7.4, 7.3);
979;(1.2, -8.4, 7.1);
980;(1.1, -7.2, 7.3);
981;(-0.6, -8.8, 7.0);
982;(-0.9, -8.2, 7.1);
983;(-1.2, -8.4, 7.1);
984;(0.9, -8.2, 7.1);
985;(0.6, -8.8, 7.0);
986;(1.2, -8.4, 7.1);
987;(0.0, -8.9, 6.9);
988;(-0.5, -8.7, 6.9);
989;(-0.6, -8.8, 7.0);
990;(0.5, -8.7, 6.9);
991;(0.0, -8.7, 6.9);
992;(0.0, -8.9, 6.9);
993;(0.6, -8.8, 7.0);
994;(0.0, -8.7, 6.9);
995;(-0.5, -8.7, 6.9);
996;(0.0, -8.6, 6.3);
997;(0.0, -8.7, 6.9);
998;(0.5, -8.7, 6.9);
999;(-0.5, -8.7, 6.9);
1000;(-0.5, -8.5, 6.3);
1001;(-0.9, -8.2, 7.1);
1002;(0.5, -8.5, 6.3);
1003;(0.5, -8.7, 6.9);
1004;(0.9, -8.2, 7.1);
1005;(-0.9, -8.2, 7.1);
1006;(-0.9, -8.1, 6.4);
1007;(-0.9, -7.4, 7.3);
1008;(0.9, -8.1, 6.4);
1009;(0.9, -8.2, 7.1);
1010;(0.9, -7.4, 7.3);
1011;(-0.9, -7.4, 7.3);
1012;(-0.9, -7.5, 6.6);
1013;(0.0, -7.7, 7.2);
1014;(0.0, -7.8, 6.6);
1015;(0.9, -7.5, 6.6);
1016;(0.9, -7.4, 7.3);
1017;(0.0, -7.7, 7.2);
1018;(0.0, -7.8, 6.6);
1019;(-0.9, -7.5, 6.6);
1020;(-0.5, -8.5, 6.3);
1021;(0.0, -8.6, 6.3);
1022;(0.5, -8.5, 6.3);
1023;(0.9, -7.5, 6.6);
1024;(0.0, -7.8, 6.6);
1025;(0.0, -8.6, 6.3);
1026;(-0.9, -7.5, 6.6);
1027;(-0.9, -8.1, 6.4);
1028;(-0.5, -8.5, 6.3);
1029;(0.9, -8.1, 6.4);
1030;(0.9, -7.5, 6.6);
1031;(0.5, -8.5, 6.3);
1032;(-1.3, 2.1, 7.6);
1033;(-1.6, 1.4, 7.5);
1034;(1.3, 2.1, 7.6);
1035;(1.6, 1.4, 7.5);
1036;(-1.3, 3.0, 7.7);
1037;(-1.7, 2.2, 7.8);
1038;(-1.3, 2.1, 7.6);
1039;(1.7, 2.2, 7.8);
1040;(1.3, 3.0, 7.7);
1041;(1.3, 2.1, 7.6);
1042;(-1.6, 4.1, 7.7);
1043;(-1.8, 3.0, 7.8);
1044;(-1.3, 3.0, 7.7);
1045;(1.8, 3.0, 7.8);
1046;(1.6, 4.1, 7.7);
1047;(1.3, 3.0, 7.7);
1048;(-1.6, 1.4, 7.5);
1049;(-1.9, 1.6, 7.7);
1050;(-2.0, 0.9, 7.4);
1051;(1.9, 1.6, 7.7);
1052;(1.6, 1.4, 7.5);
1053;(2.0, 0.9, 7.4);
1054;(-2.0, 0.9, 7.4);
1055;(-2.3, 1.1, 7.8);
1056;(-3.8, 0.2, 7.0);
1057;(2.3, 1.1, 7.8);
1058;(2.0, 0.9, 7.4);
1059;(3.8, 0.2, 7.0);
1060;(-3.8, 0.2, 7.0);
1061;(-3.8, 0.6, 7.4);
1062;(-4.9, 0.6, 6.7);
1063;(3.8, 0.6, 7.4);
1064;(3.8, 0.2, 7.0);
1065;(4.9, 0.6, 6.7);
1066;(-4.9, 0.6, 6.7);
1067;(-4.8, 1.0, 7.2);
1068;(-6.3, 1.9, 6.5);
1069;(4.8, 1.0, 7.2);
1070;(4.9, 0.6, 6.7);
1071;(6.3, 1.9, 6.5);
1072;(-6.3, 1.9, 6.5);
1073;(-5.8, 2.0, 6.8);
1074;(-6.4, 3.0, 6.5);
1075;(5.8, 2.0, 6.8);
1076;(6.3, 1.9, 6.5);
1077;(6.4, 3.0, 6.5);
1078;(-6.4, 3.0, 6.5);
1079;(-5.9, 2.9, 6.9);
1080;(-6.0, 3.8, 6.6);
1081;(5.9, 2.9, 6.9);
1082;(6.4, 3.0, 6.5);
1083;(6.0, 3.8, 6.6);
1084;(-6.0, 3.8, 6.6);
1085;(-5.6, 3.5, 7.0);
1086;(-4.3, 4.4, 7.2);
1087;(5.6, 3.5, 7.0);
1088;(6.0, 3.8, 6.6);
1089;(4.3, 4.4, 7.2);
1090;(-4.3, 4.4, 7.2);
1091;(-4.2, 4.0, 7.7);
1092;(-3.3, 4.8, 7.4);
1093;(4.2, 4.0, 7.7);
1094;(4.3, 4.4, 7.2);
1095;(3.3, 4.8, 7.4);
1096;(-3.3, 4.8, 7.4);
1097;(-3.4, 4.3, 7.6);
1098;(-2.5, 4.7, 7.6);
1099;(3.4, 4.3, 7.6);
1100;(3.3, 4.8, 7.4);
1101;(2.5, 4.7, 7.6);
1102;(-2.5, 4.7, 7.6);
1103;(-2.7, 4.2, 7.7);
1104;(-2.1, 3.8, 7.8);
1105;(-1.6, 4.1, 7.7);
1106;(2.1, 3.8, 7.8);
1107;(2.7, 4.2, 7.7);
1108;(2.5, 4.7, 7.6);
1109;(1.6, 4.1, 7.7);
1110;(-2.7, 4.2, 7.7);
1111;(-2.1, 3.8, 7.8);
1112;(2.7, 4.2, 7.7);
1113;(2.1, 3.8, 7.8);
1114;(-3.4, 4.3, 7.6);
1115;(-2.8, 4.0, 7.7);
1116;(-2.7, 4.2, 7.7);
1117;(2.8, 4.0, 7.7);
1118;(3.4, 4.3, 7.6);
1119;(2.7, 4.2, 7.7);
1120;(-4.2, 4.0, 7.7);
1121;(-3.4, 4.1, 7.5);
1122;(-3.4, 4.3, 7.6);
1123;(3.4, 4.1, 7.5);
1124;(4.2, 4.0, 7.7);
1125;(3.4, 4.3, 7.6);
1126;(-5.6, 3.5, 7.0);
1127;(-4.1, 3.9, 7.5);
1128;(-4.2, 4.0, 7.7);
1129;(4.1, 3.9, 7.5);
1130;(5.6, 3.5, 7.0);
1131;(4.2, 4.0, 7.7);
1132;(-5.9, 2.9, 6.9);
1133;(-5.3, 3.4, 6.8);
1134;(-5.6, 3.5, 7.0);
1135;(5.3, 3.4, 6.8);
1136;(5.9, 2.9, 6.9);
1137;(5.6, 3.5, 7.0);
1138;(-5.8, 2.0, 6.8);
1139;(-5.5, 2.8, 6.7);
1140;(-5.9, 2.9, 6.9);
1141;(5.5, 2.8, 6.7);
1142;(5.8, 2.0, 6.8);
1143;(5.9, 2.9, 6.9);
1144;(-4.8, 1.0, 7.2);
1145;(-5.5, 2.1, 6.7);
1146;(-5.8, 2.0, 6.8);
1147;(5.5, 2.1, 6.7);
1148;(4.8, 1.0, 7.2);
1149;(5.8, 2.0, 6.8);
1150;(-3.8, 0.6, 7.4);
1151;(-4.6, 1.2, 7.0);
1152;(-4.8, 1.0, 7.2);
1153;(4.6, 1.2, 7.0);
1154;(3.8, 0.6, 7.4);
1155;(4.8, 1.0, 7.2);
1156;(-2.3, 1.1, 7.8);
1157;(-3.8, 0.9, 7.3);
1158;(-3.8, 0.6, 7.4);
1159;(3.8, 0.9, 7.3);
1160;(2.3, 1.1, 7.8);
1161;(3.8, 0.6, 7.4);
1162;(-1.9, 1.6, 7.7);
1163;(-2.4, 1.3, 7.6);
1164;(-2.3, 1.1, 7.8);
1165;(2.4, 1.3, 7.6);
1166;(1.9, 1.6, 7.7);
1167;(2.3, 1.1, 7.8);
1168;(-2.1, 3.8, 7.8);
1169;(-2.3, 3.6, 7.6);
1170;(-1.8, 3.0, 7.8);
1171;(2.3, 3.6, 7.6);
1172;(2.1, 3.8, 7.8);
1173;(1.8, 3.0, 7.8);
1174;(-1.8, 3.0, 7.8);
1175;(-2.0, 3.0, 7.6);
1176;(-1.7, 2.2, 7.8);
1177;(2.0, 3.0, 7.6);
1178;(1.8, 3.0, 7.8);
1179;(1.7, 2.2, 7.8);
1180;(-1.7, 2.2, 7.8);
1181;(-2.0, 2.3, 7.5);
1182;(-2.0, 1.7, 7.5);
1183;(-1.9, 1.6, 7.7);
1184;(2.0, 1.7, 7.5);
1185;(2.0, 2.3, 7.5);
1186;(1.7, 2.2, 7.8);
1187;(1.9, 1.6, 7.7);
1188;(0.0, 4.3, 7.4);
1189;(-0.6, 4.9, 7.5);
1190;(0.0, 4.1, 6.0);
1191;(0.0, 4.3, 7.4);
1192;(0.6, 4.9, 7.5);
1193;(-0.6, 4.9, 7.5);
1194;(-1.1, 4.6, 6.1);
1195;(-1.6, 7.2, 7.6);
1196;(1.1, 4.6, 6.1);
1197;(0.6, 4.9, 7.5);
1198;(1.6, 7.2, 7.6);
1199;(-1.6, 7.2, 7.6);
1200;(-2.0, 6.6, 6.2);
1201;(-3.2, 7.6, 7.3);
1202;(2.0, 6.6, 6.2);
1203;(1.6, 7.2, 7.6);
1204;(3.2, 7.6, 7.3);
1205;(-3.2, 7.6, 7.3);
1206;(-3.4, 6.9, 5.9);
1207;(-4.9, 6.0, 6.9);
1208;(3.4, 6.9, 5.9);
1209;(3.2, 7.6, 7.3);
1210;(4.9, 6.0, 6.9);
1211;(-4.9, 6.0, 6.9);
1212;(-4.8, 5.5, 5.5);
1213;(-7.1, 4.8, 6.3);
1214;(4.8, 5.5, 5.5);
1215;(4.9, 6.0, 6.9);
1216;(7.1, 4.8, 6.3);
1217;(-7.1, 4.8, 6.3);
1218;(-6.8, 4.5, 4.9);
1219;(-8.6, 4.3, 5.9);
1220;(6.8, 4.5, 4.9);
1221;(7.1, 4.8, 6.3);
1222;(8.6, 4.3, 5.9);
1223;(-8.6, 4.3, 5.9);
1224;(-8.0, 4.1, 4.6);
1225;(-8.3, 1.5, 4.5);
1226;(8.0, 4.1, 4.6);
1227;(8.6, 4.3, 5.9);
1228;(8.3, 1.5, 4.5);
1229;(-8.3, 1.5, 4.5);
1230;(-7.7, 1.6, 3.8);
1231;(-6.3, -0.4, 5.4);
1232;(7.7, 1.6, 3.8);
1233;(8.3, 1.5, 4.5);
1234;(6.3, -0.4, 5.4);
1235;(-6.3, -0.4, 5.4);
1236;(-6.0, 0.0, 4.1);
1237;(-4.4, -1.4, 5.3);
1238;(6.0, 0.0, 4.1);
1239;(6.3, -0.4, 5.4);
1240;(4.4, -1.4, 5.3);
1241;(0.0, -5.7, 3.2);
1242;(0.0, -4.8, 2.8);
1243;(-1.3, -5.4, 3.6);
1244;(0.0, -5.7, 3.2);
1245;(1.3, -5.4, 3.6);
1246;(0.0, -8.0, 3.4);
1247;(0.0, -5.7, 3.2);
1248;(-1.4, -7.6, 3.7);
1249;(0.0, -8.0, 3.4);
1250;(1.4, -7.6, 3.7);
1251;(0.0, -9.8, 4.6);
1252;(0.0, -8.0, 3.4);
1253;(-1.8, -9.7, 5.5);
1254;(-1.6, -9.5, 4.4);
1255;(0.0, -9.8, 4.6);
1256;(0.0, -9.8, 5.8);
1257;(0.0, -9.8, 4.6);
1258;(1.6, -9.5, 4.4);
1259;(1.8, -9.7, 5.5);
1260;(0.0, -9.8, 5.8);
1261;(-3.3, -9.5, 5.2);
1262;(-1.6, -9.5, 4.4);
1263;(-1.8, -9.7, 5.5);
1264;(1.6, -9.5, 4.4);
1265;(3.3, -9.5, 5.2);
1266;(1.8, -9.7, 5.5);
1267;(-3.7, -8.9, 5.3);
1268;(-3.3, -9.1, 4.0);
1269;(-3.3, -9.5, 5.2);
1270;(3.3, -9.1, 4.0);
1271;(3.7, -8.9, 5.3);
1272;(3.3, -9.5, 5.2);
1273;(-3.5, -7.0, 5.7);
1274;(-2.9, -7.1, 3.8);
1275;(-3.7, -8.9, 5.3);
1276;(2.9, -7.1, 3.8);
1277;(3.5, -7.0, 5.7);
1278;(3.7, -8.9, 5.3);
1279;(-2.9, -7.1, 3.8);
1280;(-2.5, -5.0, 3.9);
1281;(-1.3, -5.4, 3.6);
1282;(-1.4, -7.6, 3.7);
1283;(1.3, -5.4, 3.6);
1284;(2.5, -5.0, 3.9);
1285;(2.9, -7.1, 3.8);
1286;(1.4, -7.6, 3.7);
1287;(-2.9, -7.1, 3.8);
1288;(-1.4, -7.6, 3.7);
1289;(-1.6, -9.5, 4.4);
1290;(-3.3, -9.1, 4.0);
1291;(1.6, -9.5, 4.4);
1292;(1.4, -7.6, 3.7);
1293;(2.9, -7.1, 3.8);
1294;(3.3, -9.1, 4.0);
1295;(-1.8, -4.1, 2.6);
1296;(-1.3, -5.4, 3.6);
1297;(-2.5, -5.0, 3.9);
1298;(1.3, -5.4, 3.6);
1299;(1.8, -4.1, 2.6);
1300;(2.5, -5.0, 3.9);
1301;(-3.1, -4.4, 5.7);
1302;(-2.3, -3.5, 4.1);
1303;(-2.5, -5.0, 3.9);
1304;(-3.5, -7.0, 5.7);
1305;(2.5, -5.0, 3.9);
1306;(2.3, -3.5, 4.1);
1307;(3.1, -4.4, 5.7);
1308;(3.5, -7.0, 5.7);
1309;(-2.6, -3.1, 5.5);
1310;(-2.3, -2.5, 5.5);
1311;(2.3, -2.5, 5.5);
1312;(2.6, -3.1, 5.5);
1313;(-3.1, -4.4, 5.7);
1314;(-2.6, -3.1, 5.5);
1315;(-2.2, -2.8, 4.3);
1316;(-2.3, -3.5, 4.1);
1317;(2.2, -2.8, 4.3);
1318;(2.6, -3.1, 5.5);
1319;(3.1, -4.4, 5.7);
1320;(2.3, -3.5, 4.1);
1321;(-2.0, -1.9, 5.6);
1322;(-2.1, -2.3, 4.7);
1323;(-2.3, -2.5, 5.5);
1324;(2.1, -2.3, 4.7);
1325;(2.0, -1.9, 5.6);
1326;(2.3, -2.5, 5.5);
1327;(-2.0, -1.9, 5.6);
1328;(-4.4, -1.4, 5.3);
1329;(-4.4, -0.9, 4.7);
1330;(-2.0, -1.7, 5.0);
1331;(4.4, -0.9, 4.7);
1332;(4.4, -1.4, 5.3);
1333;(2.0, -1.9, 5.6);
1334;(2.0, -1.7, 5.0);
1335;(0.0, -2.0, -6.7);
1336;(0.0, 0.7, -8.3);
1337;(0.0, -2.0, -6.7);
1338;(-3.4, -1.5, -5.4);
1339;(0.0, -3.8, -3.5);
1340;(0.0, -2.0, -6.7);
1341;(3.4, -1.5, -5.4);
1342;(0.0, -3.8, -3.5);
1343;(-3.0, -3.1, -2.7);
1344;(0.0, -4.6, 1.9);
1345;(0.0, -3.8, -3.5);
1346;(3.0, -3.1, -2.7);
1347;(0.0, -4.6, 1.9);
1348;(0.0, -4.8, 2.8);
1349;(-1.8, -4.1, 2.6);
1350;(-2.1, -3.9, 1.6);
1351;(1.8, -4.1, 2.6);
1352;(0.0, -4.8, 2.8);
1353;(0.0, -4.6, 1.9);
1354;(2.1, -3.9, 1.6);
1355;(-2.3, -3.5, 4.1);
1356;(-2.2, -2.8, 4.3);
1357;(-2.1, -3.9, 1.6);
1358;(-1.8, -4.1, 2.6);
1359;(2.1, -3.9, 1.6);
1360;(2.2, -2.8, 4.3);
1361;(2.3, -3.5, 4.1);
1362;(1.8, -4.1, 2.6);
1363;(-7.7, 1.6, 3.8);
1364;(-6.0, 0.0, 4.1);
1365;(7.7, 1.6, 3.8);
1366;(6.0, 0.0, 4.1);
1367;(0.0, 0.7, -8.3);
1368;(-3.4, 0.5, -6.6);
1369;(3.4, 0.5, -6.6);
1370;(0.0, 0.7, -8.3);
1371;(0.0, 5.6, -8.5);
1372;(0.0, 9.8, -0.8);
1373;(0.0, 9.0, 2.9);
1374;(0.0, 9.8, -0.8);
1375;(-4.5, 9.3, -0.7);
1376;(0.0, 9.0, -5.5);
1377;(0.0, 9.8, -0.8);
1378;(4.5, 9.3, -0.7);
1379;(0.0, 9.0, -5.5);
1380;(0.0, 5.6, -8.5);
1381;(-4.6, 4.4, -7.0);
1382;(-4.5, 8.7, -3.8);
1383;(4.6, 4.4, -7.0);
1384;(0.0, 5.6, -8.5);
1385;(0.0, 9.0, -5.5);
1386;(4.5, 8.7, -3.8);
1387;(-6.8, 4.5, 4.9);
1388;(-8.0, 4.1, 4.6);
1389;(6.8, 4.5, 4.9);
1390;(8.0, 4.1, 4.6);
1391;(-6.3, 4.5, 2.8);
1392;(-7.3, 4.1, 3.4);
1393;(6.3, 4.5, 2.8);
1394;(7.3, 4.1, 3.4);
1395;(-6.4, 7.0, 0.5);
1396;(-8.0, 5.6, 1.3);
1397;(6.4, 7.0, 0.5);
1398;(8.0, 5.6, 1.3);
1399;(-6.4, 7.5, -2.0);
1400;(-8.0, 6.2, -1.2);
1401;(6.4, 7.5, -2.0);
1402;(8.0, 6.2, -1.2);
1403;(-8.0, 5.4, -3.6);
1404;(-6.4, 6.8, -4.5);
1405;(6.4, 6.8, -4.5);
1406;(8.0, 5.4, -3.6);
1407;(-4.6, 4.4, -7.0);
1408;(-6.2, 3.3, -5.9);
1409;(-6.4, 6.8, -4.5);
1410;(-4.5, 8.7, -3.8);
1411;(6.4, 6.8, -4.5);
1412;(6.2, 3.3, -5.9);
1413;(4.6, 4.4, -7.0);
1414;(4.5, 8.7, -3.8);
1415;(-4.5, 8.7, -3.8);
1416;(-6.4, 6.8, -4.5);
1417;(-6.4, 7.5, -2.0);
1418;(-4.5, 9.3, -0.7);
1419;(6.4, 7.5, -2.0);
1420;(6.4, 6.8, -4.5);
1421;(4.5, 8.7, -3.8);
1422;(4.5, 9.3, -0.7);
1423;(-4.5, 9.3, -0.7);
1424;(-6.4, 7.5, -2.0);
1425;(-6.4, 7.0, 0.5);
1426;(-4.5, 8.5, 2.3);
1427;(6.4, 7.0, 0.5);
1428;(6.4, 7.5, -2.0);
1429;(4.5, 9.3, -0.7);
1430;(4.5, 8.5, 2.3);
1431;(-4.5, 8.5, 2.3);
1432;(-6.4, 7.0, 0.5);
1433;(-6.3, 4.5, 2.8);
1434;(6.3, 4.5, 2.8);
1435;(6.4, 7.0, 0.5);
1436;(4.5, 8.5, 2.3);
1437;(-4.8, 5.5, 5.5);
1438;(-4.6, 5.2, 4.3);
1439;(-6.3, 4.5, 2.8);
1440;(-6.8, 4.5, 4.9);
1441;(6.3, 4.5, 2.8);
1442;(4.6, 5.2, 4.3);
1443;(4.8, 5.5, 5.5);
1444;(6.8, 4.5, 4.9);
1445;(0.0, 9.0, 2.9);
1446;(-4.5, 8.5, 2.3);
1447;(-4.6, 5.2, 4.3);
1448;(4.5, 8.5, 2.3);
1449;(0.0, 9.0, 2.9);
1450;(0.0, 5.7, 5.7);
1451;(4.6, 5.2, 4.3);
1452;(-1.1, 4.6, 6.1);
1453;(-4.8, 5.5, 5.5);
1454;(-3.4, 6.9, 5.9);
1455;(-2.0, 6.6, 6.2);
1456;(3.4, 6.9, 5.9);
1457;(4.8, 5.5, 5.5);
1458;(1.1, 4.6, 6.1);
1459;(2.0, 6.6, 6.2);
1460;(-1.1, 4.6, 6.1);
1461;(0.0, 5.7, 5.7);
1462;(-4.6, 5.2, 4.3);
1463;(-4.8, 5.5, 5.5);
1464;(4.6, 5.2, 4.3);
1465;(0.0, 5.7, 5.7);
1466;(1.1, 4.6, 6.1);
1467;(4.8, 5.5, 5.5);
1468;(0.0, 4.1, 6.0);
1469;(0.0, 5.7, 5.7);
1470;(-1.1, 4.6, 6.1);
1471;(0.0, 5.7, 5.7);
1472;(0.0, 4.1, 6.0);
1473;(1.1, 4.6, 6.1);
1474;(-8.0, 4.1, 4.6);
1475;(-7.3, 4.1, 3.4);
1476;(-8.5, 2.3, 0.5);
1477;(-7.7, 1.6, 3.8);
1478;(8.5, 2.3, 0.5);
1479;(7.3, 4.1, 3.4);
1480;(8.0, 4.1, 4.6);
1481;(7.7, 1.6, 3.8);
1482;(-8.5, 2.3, 0.5);
1483;(-7.3, 4.1, 3.4);
1484;(-8.0, 5.6, 1.3);
1485;(8.0, 5.6, 1.3);
1486;(7.3, 4.1, 3.4);
1487;(8.5, 2.3, 0.5);
1488;(-8.6, 3.2, -0.5);
1489;(-8.0, 5.6, 1.3);
1490;(-8.0, 6.2, -1.2);
1491;(8.0, 6.2, -1.2);
1492;(8.0, 5.6, 1.3);
1493;(8.6, 3.2, -0.5);
1494;(-7.7, 2.7, -4.4);
1495;(-8.2, 3.3, -2.0);
1496;(-8.0, 6.2, -1.2);
1497;(-8.0, 5.4, -3.6);
1498;(8.0, 6.2, -1.2);
1499;(8.2, 3.3, -2.0);
1500;(7.7, 2.7, -4.4);
1501;(8.0, 5.4, -3.6);
1502;(-2.1, -3.9, 1.6);
1503;(-3.0, -3.1, -2.7);
1504;(2.1, -3.9, 1.6);
1505;(3.0, -3.1, -2.7);
1506;(-7.3, -0.5, 0.7);
1507;(-4.3, -2.0, -2.1);
1508;(-4.1, -1.7, 1.5);
1509;(4.3, -2.0, -2.1);
1510;(7.3, -0.5, 0.7);
1511;(4.1, -1.7, 1.5);
1512;(-6.0, 0.0, 4.1);
1513;(-7.3, -0.5, 0.7);
1514;(-4.1, -1.7, 1.5);
1515;(-4.4, -0.9, 4.7);
1516;(4.1, -1.7, 1.5);
1517;(7.3, -0.5, 0.7);
1518;(6.0, 0.0, 4.1);
1519;(4.4, -0.9, 4.7);
1520;(-4.4, -0.9, 4.7);
1521;(-4.1, -1.7, 1.5);
1522;(-2.2, -2.8, 4.3);
1523;(-2.1, -2.3, 4.7);
1524;(2.2, -2.8, 4.3);
1525;(4.1, -1.7, 1.5);
1526;(4.4, -0.9, 4.7);
1527;(2.1, -2.3, 4.7);
1528;(-2.2, -2.8, 4.3);
1529;(-4.1, -1.7, 1.5);
1530;(-2.1, -3.9, 1.6);
1531;(4.1, -1.7, 1.5);
1532;(2.2, -2.8, 4.3);
1533;(2.1, -3.9, 1.6);
1534;(-4.4, -0.9, 4.7);
1535;(-2.1, -2.3, 4.7);
1536;(-2.0, -1.7, 5.0);
1537;(2.1, -2.3, 4.7);
1538;(4.4, -0.9, 4.7);
1539;(2.0, -1.7, 5.0);
1540;(-7.7, 2.7, -4.4);
1541;(-6.2, 3.3, -5.9);
1542;(6.2, 3.3, -5.9);
1543;(7.7, 2.7, -4.4);
1544;(-4.6, 4.4, -7.0);
1545;(-3.4, 0.5, -6.6);
1546;(-4.8, 0.2, -5.5);
1547;(-6.2, 3.3, -5.9);
1548;(4.8, 0.2, -5.5);
1549;(3.4, 0.5, -6.6);
1550;(4.6, 4.4, -7.0);
1551;(6.2, 3.3, -5.9);
1552;(-5.9, -1.3, -1.6);
1553;(-6.4, -0.1, -4.3);
1554;(-4.8, 0.2, -5.5);
1555;(-4.3, -2.0, -2.1);
1556;(4.8, 0.2, -5.5);
1557;(6.4, -0.1, -4.3);
1558;(5.9, -1.3, -1.6);
1559;(4.3, -2.0, -2.1);
1560;(-3.0, -3.1, -2.7);
1561;(-4.3, -2.0, -2.1);
1562;(-4.8, 0.2, -5.5);
1563;(-3.4, -1.5, -5.4);
1564;(4.8, 0.2, -5.5);
1565;(4.3, -2.0, -2.1);
1566;(3.0, -3.1, -2.7);
1567;(3.4, -1.5, -5.4);
1568;(-3.4, 0.5, -6.6);
1569;(-3.4, -1.5, -5.4);
1570;(-4.8, 0.2, -5.5);
1571;(3.4, -1.5, -5.4);
1572;(3.4, 0.5, -6.6);
1573;(4.8, 0.2, -5.5);
1574;(-10.2, 4.8, -3.1);
1575;(-10.2, 4.1, -2.9);
1576;(10.2, 4.8, -3.1);
1577;(10.2, 4.1, -2.9);
1578;(-12.3, 5.1, -4.2);
1579;(-11.9, 4.4, -3.9);
1580;(12.3, 5.1, -4.2);
1581;(11.9, 4.4, -3.9);
1582;(-13.5, 3.2, -4.2);
1583;(-12.7, 2.9, -4.1);
1584;(13.5, 3.2, -4.2);
1585;(12.7, 2.9, -4.1);
1586;(-12.8, 0.5, -4.3);
1587;(-12.1, 0.8, -4.1);
1588;(12.8, 0.5, -4.3);
1589;(12.1, 0.8, -4.1);
1590;(-10.4, -1.0, -3.3);
1591;(-10.3, -0.4, -3.0);
1592;(10.4, -1.0, -3.3);
1593;(10.3, -0.4, -3.0);
1594;(-10.3, -0.4, -3.0);
1595;(-8.3, -0.7, -1.3);
1596;(8.3, -0.7, -1.3);
1597;(10.3, -0.4, -3.0);
1598;(-12.1, 0.8, -4.1);
1599;(-10.3, -0.4, -3.0);
1600;(-10.4, 0.0, -3.7);
1601;(10.4, 0.0, -3.7);
1602;(10.3, -0.4, -3.0);
1603;(12.1, 0.8, -4.1);
1604;(-12.7, 2.9, -4.1);
1605;(-12.1, 0.8, -4.1);
1606;(-11.9, 0.9, -4.5);
1607;(11.9, 0.9, -4.5);
1608;(12.1, 0.8, -4.1);
1609;(12.7, 2.9, -4.1);
1610;(-11.9, 4.4, -3.9);
1611;(-12.7, 2.9, -4.1);
1612;(-12.3, 2.5, -4.5);
1613;(12.3, 2.5, -4.5);
1614;(12.7, 2.9, -4.1);
1615;(11.9, 4.4, -3.9);
1616;(-10.2, 4.1, -2.9);
1617;(-11.9, 4.4, -3.9);
1618;(-11.7, 3.6, -4.4);
1619;(11.7, 3.6, -4.4);
1620;(11.9, 4.4, -3.9);
1621;(10.2, 4.1, -2.9);
1622;(-10.2, 4.1, -2.9);
1623;(-10.2, 3.4, -3.6);
1624;(-9.2, 3.6, -2.2);
1625;(10.2, 3.4, -3.6);
1626;(10.2, 4.1, -2.9);
1627;(9.2, 3.6, -2.2);
1628;(-7.3, -0.5, 0.7);
1629;(-5.9, -1.3, -1.6);
1630;(7.3, -0.5, 0.7);
1631;(5.9, -1.3, -1.6);
1632;(-5.9, -1.3, -1.6);
1633;(-7.2, -0.2, -1.7);
1634;(-8.3, -0.7, -1.3);
1635;(-7.7, -1.4, -1.3);
1636;(8.3, -0.7, -1.3);
1637;(7.2, -0.2, -1.7);
1638;(5.9, -1.3, -1.6);
1639;(7.7, -1.4, -1.3);
1640;(-8.5, 2.3, 0.5);
1641;(-8.6, 3.2, -0.5);
1642;(-7.3, 0.0, -0.7);
1643;(-7.3, -0.5, 0.7);
1644;(7.3, 0.0, -0.7);
1645;(8.6, 3.2, -0.5);
1646;(8.5, 2.3, 0.5);
1647;(7.3, -0.5, 0.7);
1648;(-8.2, 3.3, -2.0);
1649;(-8.9, 4.1, -2.3);
1650;(-9.2, 3.6, -2.2);
1651;(9.2, 3.6, -2.2);
1652;(8.9, 4.1, -2.3);
1653;(8.2, 3.3, -2.0);
1654;(-8.3, -0.7, -1.3);
1655;(-7.2, -0.2, -1.7);
1656;(-8.8, -0.2, -2.1);
1657;(7.2, -0.2, -1.7);
1658;(8.3, -0.7, -1.3);
1659;(8.8, -0.2, -2.1);
1660;(-8.1, -0.2, -2.7);
1661;(-7.2, -0.2, -1.7);
1662;(7.2, -0.2, -1.7);
1663;(8.1, -0.2, -2.7);
1664;(-8.4, 0.2, -2.7);
1665;(-7.2, 0.4, -1.9);
1666;(8.4, 0.2, -2.7);
1667;(7.2, 0.4, -1.9);
1668;(-7.6, 0.9, -2.7);
1669;(-7.2, 0.4, -1.9);
1670;(7.2, 0.4, -1.9);
1671;(7.6, 0.9, -2.7);
1672;(-8.4, 2.9, -2.1);
1673;(-8.4, 1.7, -2.7);
1674;(-8.0, 2.0, -2.1);
1675;(8.4, 1.7, -2.7);
1676;(8.4, 2.9, -2.1);
1677;(8.0, 2.0, -2.1);
1678;(-9.2, 3.6, -2.2);
1679;(-9.5, 3.0, -2.9);
1680;(9.5, 3.0, -2.9);
1681;(9.2, 3.6, -2.2);
1682;(-8.6, 3.2, -0.5);
1683;(-8.2, 3.3, -2.0);
1684;(-8.4, 2.9, -2.1);
1685;(-8.0, 2.0, -2.1);
1686;(8.4, 2.9, -2.1);
1687;(8.2, 3.3, -2.0);
1688;(8.6, 3.2, -0.5);
1689;(8.0, 2.0, -2.1);
1690;(-8.6, 3.2, -0.5);
1691;(-8.0, 2.0, -2.1);
1692;(-7.2, 0.4, -1.9);
1693;(-7.3, 0.0, -0.7);
1694;(7.2, 0.4, -1.9);
1695;(8.0, 2.0, -2.1);
1696;(8.6, 3.2, -0.5);
1697;(7.3, 0.0, -0.7);
1698;(-7.3, 0.0, -0.7);
1699;(-7.2, 0.4, -1.9);
1700;(-7.2, -0.2, -1.7);
1701;(7.2, 0.4, -1.9);
1702;(7.3, 0.0, -0.7);
1703;(7.2, -0.2, -1.7);
1704;(-9.5, 3.0, -2.9);
1705;(-8.9, 2.4, -2.7);
1706;(9.5, 3.0, -2.9);
1707;(8.9, 2.4, -2.7);
1708;(-8.9, 2.4, -2.7);
1709;(-8.9, 2.3, -3.2);
1710;(-8.4, 1.7, -2.7);
1711;(8.9, 2.3, -3.2);
1712;(8.9, 2.4, -2.7);
1713;(8.4, 1.7, -2.7);
1714;(-8.4, 1.7, -2.7);
1715;(-8.4, 1.7, -3.2);
1716;(-7.6, 0.9, -2.7);
1717;(8.4, 1.7, -3.2);
1718;(8.4, 1.7, -2.7);
1719;(7.6, 0.9, -2.7);
1720;(-7.6, 0.9, -2.7);
1721;(-7.7, 0.9, -3.2);
1722;(-8.2, 0.9, -2.7);
1723;(7.7, 0.9, -3.2);
1724;(7.6, 0.9, -2.7);
1725;(8.2, 0.9, -2.7);
1726;(-8.2, 0.9, -2.7);
1727;(-8.3, 0.8, -3.2);
1728;(-8.4, 0.2, -2.7);
1729;(8.3, 0.8, -3.2);
1730;(8.2, 0.9, -2.7);
1731;(8.4, 0.2, -2.7);
1732;(-8.4, 0.2, -2.7);
1733;(-8.5, 0.2, -3.2);
1734;(-8.1, -0.2, -2.7);
1735;(8.5, 0.2, -3.2);
1736;(8.4, 0.2, -2.7);
1737;(8.1, -0.2, -2.7);
1738;(-8.1, -0.2, -2.7);
1739;(-8.1, -0.2, -3.2);
1740;(-8.8, -0.2, -2.1);
1741;(8.1, -0.2, -3.2);
1742;(8.1, -0.2, -2.7);
1743;(8.8, -0.2, -2.1);
1744;(-10.2, 3.4, -3.6);
1745;(-9.5, 2.9, -3.4);
1746;(-9.5, 3.0, -2.9);
1747;(9.5, 2.9, -3.4);
1748;(10.2, 3.4, -3.6);
1749;(9.5, 3.0, -2.9);
1750;(-11.7, 3.6, -4.4);
1751;(-10.4, 3.3, -4.1);
1752;(-10.2, 3.4, -3.6);
1753;(10.4, 3.3, -4.1);
1754;(11.7, 3.6, -4.4);
1755;(10.2, 3.4, -3.6);
1756;(-12.3, 2.5, -4.5);
1757;(-11.9, 3.4, -4.8);
1758;(-11.7, 3.6, -4.4);
1759;(11.9, 3.4, -4.8);
1760;(12.3, 2.5, -4.5);
1761;(11.7, 3.6, -4.4);
1762;(-11.9, 0.9, -4.5);
1763;(-12.6, 2.4, -4.9);
1764;(-12.3, 2.5, -4.5);
1765;(12.6, 2.4, -4.9);
1766;(11.9, 0.9, -4.5);
1767;(12.3, 2.5, -4.5);
1768;(-10.4, 0.0, -3.7);
1769;(-12.1, 0.9, -4.8);
1770;(-11.9, 0.9, -4.5);
1771;(12.1, 0.9, -4.8);
1772;(10.4, 0.0, -3.7);
1773;(11.9, 0.9, -4.5);
1774;(-8.8, -0.2, -2.1);
1775;(-8.8, -0.2, -2.7);
1776;(-10.5, 0.0, -4.2);
1777;(-10.4, 0.0, -3.7);
1778;(10.5, 0.0, -4.2);
1779;(8.8, -0.2, -2.7);
1780;(8.8, -0.2, -2.1);
1781;(10.4, 0.0, -3.7);
1782;(-8.3, 0.8, -3.2);
1783;(-8.5, 0.2, -3.2);
1784;(8.3, 0.8, -3.2);
1785;(8.5, 0.2, -3.2);
1786;(-8.9, 1.1, -3.3);
1787;(-9.4, 0.6, -3.4);
1788;(8.9, 1.1, -3.3);
1789;(9.4, 0.6, -3.4);
1790;(-10.2, 2.3, -3.8);
1791;(-10.5, 1.9, -3.8);
1792;(10.2, 2.3, -3.8);
1793;(10.5, 1.9, -3.8);
1794;(-10.4, 3.3, -4.1);
1795;(-10.9, 2.7, -3.9);
1796;(-10.2, 2.3, -3.8);
1797;(-9.5, 2.9, -3.4);
1798;(10.2, 2.3, -3.8);
1799;(10.9, 2.7, -3.9);
1800;(10.4, 3.3, -4.1);
1801;(9.5, 2.9, -3.4);
1802;(-8.9, 2.3, -3.2);
1803;(-9.5, 2.9, -3.4);
1804;(-10.2, 2.3, -3.8);
1805;(-9.6, 1.7, -3.5);
1806;(10.2, 2.3, -3.8);
1807;(9.5, 2.9, -3.4);
1808;(8.9, 2.3, -3.2);
1809;(9.6, 1.7, -3.5);
1810;(-8.9, 2.3, -3.2);
1811;(-9.6, 1.7, -3.5);
1812;(-8.9, 1.1, -3.3);
1813;(-8.4, 1.7, -3.2);
1814;(8.9, 1.1, -3.3);
1815;(9.6, 1.7, -3.5);
1816;(8.9, 2.3, -3.2);
1817;(8.4, 1.7, -3.2);
1818;(-8.3, 0.8, -3.2);
1819;(-7.7, 0.9, -3.2);
1820;(-8.4, 1.7, -3.2);
1821;(-8.9, 1.1, -3.3);
1822;(8.4, 1.7, -3.2);
1823;(7.7, 0.9, -3.2);
1824;(8.3, 0.8, -3.2);
1825;(8.9, 1.1, -3.3);
1826;(-8.1, -0.2, -3.2);
1827;(-8.5, 0.2, -3.2);
1828;(-9.4, 0.6, -3.4);
1829;(-8.8, -0.2, -2.7);
1830;(9.4, 0.6, -3.4);
1831;(8.5, 0.2, -3.2);
1832;(8.1, -0.2, -3.2);
1833;(8.8, -0.2, -2.7);
1834;(-10.5, 0.0, -4.2);
1835;(-8.8, -0.2, -2.7);
1836;(-9.4, 0.6, -3.4);
1837;(-10.0, 1.3, -3.7);
1838;(9.4, 0.6, -3.4);
1839;(8.8, -0.2, -2.7);
1840;(10.5, 0.0, -4.2);
1841;(10.0, 1.3, -3.7);
1842;(-12.1, 0.9, -4.8);
1843;(-10.5, 0.0, -4.2);
1844;(-10.0, 1.3, -3.7);
1845;(-10.5, 1.9, -3.8);
1846;(10.0, 1.3, -3.7);
1847;(10.5, 0.0, -4.2);
1848;(12.1, 0.9, -4.8);
1849;(10.5, 1.9, -3.8);
1850;(-12.6, 2.4, -4.9);
1851;(-12.1, 0.9, -4.8);
1852;(-10.5, 1.9, -3.8);
1853;(-11.1, 2.1, -3.9);
1854;(10.5, 1.9, -3.8);
1855;(12.1, 0.9, -4.8);
1856;(12.6, 2.4, -4.9);
1857;(11.1, 2.1, -3.9);
1858;(-11.9, 3.4, -4.8);
1859;(-12.6, 2.4, -4.9);
1860;(-11.1, 2.1, -3.9);
1861;(-10.9, 2.7, -3.9);
1862;(11.1, 2.1, -3.9);
1863;(12.6, 2.4, -4.9);
1864;(11.9, 3.4, -4.8);
1865;(10.9, 2.7, -3.9);
1866;(-10.4, 3.3, -4.1);
1867;(-11.9, 3.4, -4.8);
1868;(-10.9, 2.7, -3.9);
1869;(11.9, 3.4, -4.8);
1870;(10.4, 3.3, -4.1);
1871;(10.9, 2.7, -3.9);
1872;(-10.4, -1.0, -3.3);
1873;(-7.7, -1.4, -1.3);
1874;(10.4, -1.0, -3.3);
1875;(7.7, -1.4, -1.3);
1876;(-12.8, 0.5, -4.3);
1877;(-10.4, -0.9, -4.9);
1878;(-10.4, -1.0, -3.3);
1879;(10.4, -0.9, -4.9);
1880;(12.8, 0.5, -4.3);
1881;(10.4, -1.0, -3.3);
1882;(-13.5, 3.2, -4.2);
1883;(-13.1, 0.5, -5.3);
1884;(-12.8, 0.5, -4.3);
1885;(13.1, 0.5, -5.3);
1886;(13.5, 3.2, -4.2);
1887;(12.8, 0.5, -4.3);
1888;(-12.3, 5.1, -4.2);
1889;(-13.7, 3.0, -5.0);
1890;(-13.5, 3.2, -4.2);
1891;(13.7, 3.0, -5.0);
1892;(12.3, 5.1, -4.2);
1893;(13.5, 3.2, -4.2);
1894;(-10.2, 4.8, -3.1);
1895;(-12.5, 4.7, -5.5);
1896;(-12.3, 5.1, -4.2);
1897;(12.5, 4.7, -5.5);
1898;(10.2, 4.8, -3.1);
1899;(12.3, 5.1, -4.2);
1900;(-8.9, 4.1, -2.3);
1901;(-10.2, 4.4, -4.8);
1902;(-10.2, 4.8, -3.1);
1903;(10.2, 4.4, -4.8);
1904;(8.9, 4.1, -2.3);
1905;(10.2, 4.8, -3.1);
1906;(-10.2, 4.4, -4.8);
1907;(-8.6, 3.8, -3.8);
1908;(-7.9, -1.3, -3.3);
1909;(-10.4, -0.9, -4.9);
1910;(7.9, -1.3, -3.3);
1911;(8.6, 3.8, -3.8);
1912;(10.2, 4.4, -4.8);
1913;(10.4, -0.9, -4.9);
1914;(-10.2, 4.4, -4.8);
1915;(-10.4, -0.9, -4.9);
1916;(-13.1, 0.5, -5.3);
1917;(-12.5, 4.7, -5.5);
1918;(13.1, 0.5, -5.3);
1919;(10.4, -0.9, -4.9);
1920;(10.2, 4.4, -4.8);
1921;(12.5, 4.7, -5.5);
1922;(-12.5, 4.7, -5.5);
1923;(-13.1, 0.5, -5.3);
1924;(-13.7, 3.0, -5.0);
1925;(13.1, 0.5, -5.3);
1926;(12.5, 4.7, -5.5);
1927;(13.7, 3.0, -5.0);
1928;(-7.7, 2.7, -4.4);
1929;(-8.6, 3.8, -3.8);
1930;(-8.9, 4.1, -2.3);
1931;(-8.2, 3.3, -2.0);
1932;(8.9, 4.1, -2.3);
1933;(8.6, 3.8, -3.8);
1934;(7.7, 2.7, -4.4);
1935;(8.2, 3.3, -2.0);
1936;(-7.7, 2.7, -4.4);
1937;(-6.4, -0.1, -4.3);
1938;(-7.9, -1.3, -3.3);
1939;(-8.6, 3.8, -3.8);
1940;(7.9, -1.3, -3.3);
1941;(6.4, -0.1, -4.3);
1942;(7.7, 2.7, -4.4);
1943;(8.6, 3.8, -3.8);
1944;(-5.9, -1.3, -1.6);
1945;(-7.7, -1.4, -1.3);
1946;(-7.9, -1.3, -3.3);
1947;(-6.4, -0.1, -4.3);
1948;(7.9, -1.3, -3.3);
1949;(7.7, -1.4, -1.3);
1950;(5.9, -1.3, -1.6);
1951;(6.4, -0.1, -4.3);
